-- phpMyAdmin SQL Dump
-- version 5.2.1
-- https://www.phpmyadmin.net/
--
-- Host: 127.0.0.1
-- Generation Time: Jul 04, 2024 at 11:20 AM
-- Server version: 10.4.32-MariaDB
-- PHP Version: 8.2.12

SET SQL_MODE = "NO_AUTO_VALUE_ON_ZERO";
START TRANSACTION;
SET time_zone = "+00:00";


/*!40101 SET @OLD_CHARACTER_SET_CLIENT=@@CHARACTER_SET_CLIENT */;
/*!40101 SET @OLD_CHARACTER_SET_RESULTS=@@CHARACTER_SET_RESULTS */;
/*!40101 SET @OLD_COLLATION_CONNECTION=@@COLLATION_CONNECTION */;
/*!40101 SET NAMES utf8mb4 */;

--
-- Database: `login_db`
--

-- --------------------------------------------------------

--
-- Table structure for table `group`
--

CREATE TABLE `group` (
  `id_group` int(11) NOT NULL
) ENGINE=InnoDB DEFAULT CHARSET=utf8 COLLATE=utf8_general_ci;

--
-- Dumping data for table `group`
--

INSERT INTO `group` (`id_group`) VALUES
(1),
(2),
(3),
(4),
(5),
(6),
(7),
(8),
(9),
(10),
(11),
(12),
(13),
(14),
(15),
(16),
(17),
(18);

-- --------------------------------------------------------

--
-- Table structure for table `group_department`
--

CREATE TABLE `group_department` (
  `group_id` int(11) NOT NULL
) ENGINE=InnoDB DEFAULT CHARSET=utf8 COLLATE=utf8_general_ci;

--
-- Dumping data for table `group_department`
--

INSERT INTO `group_department` (`group_id`) VALUES
(1),
(2),
(3),
(4),
(5),
(6),
(7),
(8),
(9),
(10),
(11),
(12),
(13),
(14),
(15),
(16),
(17),
(18),
(19);

-- --------------------------------------------------------

--
-- Table structure for table `new`
--

CREATE TABLE `new` (
  `id_news` int(50) NOT NULL,
  `images_news` varchar(255) NOT NULL,
  `title_news` varchar(255) NOT NULL,
  `details_news` varchar(255) NOT NULL,
  `details_newstotal` text NOT NULL,
  `time` timestamp NOT NULL DEFAULT current_timestamp() ON UPDATE current_timestamp()
) ENGINE=InnoDB DEFAULT CHARSET=utf8 COLLATE=utf8_general_ci;

--
-- Dumping data for table `new`
--

INSERT INTO `new` (`id_news`, `images_news`, `title_news`, `details_news`, `details_newstotal`, `time`) VALUES
(8, '681783271.jpg', 'กิจกรรมทำบุญตักบาตร', 'พนักงานโตโยต้าแก่นนคร สาขาสำนักงานใหญ่ สาขาบ้านดอน สาขาหนองเรือ และสาขามัญจา ร่วมทำบุญตักบาตรในช่วงเช้าของวันปีใหม่ 9 มกราคม 2567', 'พนักงานโตโยต้าแก่นนคร สาขาสำนักงานใหญ่ สาขาบ้านดอน สาขาหนองเรือ และสาขามัญจา ร่วมทำบุญตักบาตรในช่วงเช้าของวันปีใหม่ 9 มกราคม 2567', '2024-02-06 09:08:56'),
(17, '1777472161.jpg', 'ประชุมวันปีใหม่', 'พนักงานโตโยต้าแก่นนคร สาขาสำนักงานใหญ่ สาขาบ้านดอน สาขาหนองเรือ และสาขามัญจา เข้าร่วมการประชุมงานเลี้ยงวันปีใหม่ 9 มกราคม 2567', 'พนักงานโตโยต้าแก่นนคร สาขาสำนักงานใหญ่ สาขาบ้านดอน สาขาหนองเรือ และสาขามัญจา เข้าร่วมการประชุมงานเลี้ยงวันปีใหม่ 9 มกราคม 2567', '2024-02-06 09:09:08'),
(20, '870846982.jpg', 'กิจกรรมงานเลี้ยงวันปีใหม่ ', 'กิจกรรมงานเลี้ยงวันปีใหม่ พนักงานทั้ง 4 สาขาร่วมสนุกกับกิจกรรมจับฉลากของขวัญวันปีใหม่และกิจกรรมประกวดชุดแฟนตาซี 9 มกราคม 2567', 'กิจกรรมงานเลี้ยงวันปีใหม่ พนักงานทั้ง 4 สาขาร่วมสนุกกับกิจกรรมจับฉลากของขวัญวันปีใหม่และกิจกรรมประกวดชุดแฟนตาซี 9 มกราคม 2567', '2024-02-06 09:09:20'),
(30, '516296927.jpg', 'วันตรุษจีน โตโยต้าแก่นนคร ', 'เนื่องในโอกาสวันตรุษจีนและปีใหม่นี้ ขออวยพรทุกท่าน คิดหวังสิ่งใดขอให้สมหวัง สมปรารถนา มีแต่ความสุข มั่งคั่ง โชคดีร่ำรวยตลอดปี 9/02/2567', '新正如意 新年发财 (ซินเจิงหรูอี้ ซินเหนียนฟาไฉ)เนื่องในโอกาสวันตรุษจีนและปีใหม่นี้ ขออวยพรทุกท่าน คิดหวังสิ่งใดขอให้สมหวัง สมปรารถนา มีแต่ความสุข มั่งคั่ง โชคดีร่ำรวยตลอดปี          #โตโยต้าแก่นนคร #ตรุษจีนแก่นนคร67', '2024-02-10 02:10:31');

-- --------------------------------------------------------

--
-- Table structure for table `permission`
--

CREATE TABLE `permission` (
  `id` int(36) NOT NULL,
  `permissionName` varchar(50) DEFAULT NULL,
  `permissionTap` varchar(150) DEFAULT NULL,
  `permissionStatus` tinyint(1) DEFAULT NULL,
  `role_id` int(100) NOT NULL
) ENGINE=InnoDB DEFAULT CHARSET=utf8 COLLATE=utf8_general_ci;

--
-- Dumping data for table `permission`
--

INSERT INTO `permission` (`id`, `permissionName`, `permissionTap`, `permissionStatus`, `role_id`) VALUES
(1, 'news', '#table-news', 1, 1),
(2, 'employeenews', '#table-employeenews', 0, 1),
(3, 'employeeresign', '#table-employeeresign', 0, 1),
(4, 'outstandingemployee', '#tbl-outstandingemployee', 0, 1),
(5, 'outstandingemployeesales', '#tbl-outstandingsales', 0, 1),
(6, 'department', '#table-department', 0, 1),
(7, 'numberdepartment', '#table-numberdepartment', 0, 1),
(8, 'users', '#table-users', 0, 1),
(9, 'news', '#table-news', 0, 2),
(10, 'employeenews', '#table-employeenews', 1, 2),
(11, 'employeeresign', '#table-employeeresign', 1, 2),
(12, 'outstandingemployee', '#tbl-outstandingemployee', 1, 2),
(13, 'outstandingemployeesales', '#tbl-outstandingsales', 1, 2),
(14, 'department', '#table-department', 0, 2),
(15, 'numberdepartment', '#table-numberdepartment', 0, 2),
(16, 'users', '#table-users', 0, 2),
(17, 'news', '#table-news', 1, 3),
(18, 'employeenews', '#table-employeenews', 1, 3),
(19, 'employeeresign', '#table-employeeresign', 1, 3),
(20, 'outstandingemployee', '#tbl-outstandingemployee', 1, 3),
(21, 'outstandingemployeesales', '#tbl-outstandingsales', 1, 3),
(22, 'department', '#table-department', 1, 3),
(23, 'numberdepartment', '#table-numberdepartment', 1, 3),
(24, 'users', '#table-users', 1, 3),
(25, 'news', '#table-news', 0, 4),
(26, 'employeenews', '#table-employeenews', 0, 4),
(27, 'employeeresign', '#table-employeeresign', 0, 4),
(28, 'outstandingemployee', '#tbl-outstandingemployee', 0, 4),
(29, 'outstandingemployeesales', '#tbl-outstandingsales', 0, 4),
(30, 'department', '#table-department', 0, 4),
(31, 'numberdepartment', '#table-numberdepartment', 0, 4),
(32, 'users', '#table-users', 1, 4),
(33, 'ข่าวสาร', '#table-news', 1, 5),
(34, 'employeenews', '#table-employeenews', 1, 5),
(35, 'employeeresign', '#table-employeeresign', 1, 5),
(36, 'outstandingemployee', '#tbl-outstandingemployee', 0, 5),
(37, 'outstandingemployeesales', '#tbl-outstandingsales', 0, 5),
(38, 'department', '#table-department', 0, 5),
(39, 'numberdepartment', '#table-numberdepartment', 0, 5),
(40, 'users', '#table-users', 0, 5),
(41, 'ตารางข่าวสาร', '#table-news', 0, 6),
(42, 'ตารางพนักงานเข้าใหม่', '#table-employeenews', 1, 6),
(43, 'ตารางพนักงานลาออก', '#table-employeeresign', 1, 6),
(44, 'ตารางพนักงานดีเด่น', '#tbl-outstandingemployee', 0, 6),
(45, 'ตารางพนักงานยอดขายดีเด่น', '#tbl-outstandingsales', 0, 6),
(46, 'ตารางแผนก', '#table-department', 0, 6),
(47, 'ตารางเบอร์โทรแผนก', '#table-numberdepartment', 1, 6),
(48, 'ตารางผู้ใช้งานระบบ', '#table-users', 0, 6),
(49, 'ตารางข่าวสาร', '#table-news', 1, 7),
(50, 'ตารางพนักงานเข้าใหม่', '#table-employeenews', 0, 7),
(51, 'ตารางพนักงานลาออก', '#table-employeeresign', 0, 7),
(52, 'ตารางพนักงานดีเด่น', '#tbl-outstandingemployee', 0, 7),
(53, 'ตารางพนักงานยอดขายดีเด่น', '#tbl-outstandingsales', 0, 7),
(54, 'ตารางแผนก', '#table-department', 1, 7),
(55, 'ตารางเบอร์โทรแผนก', '#table-numberdepartment', 1, 7),
(56, 'ตารางผู้ใช้งานระบบ', '#table-users', 0, 7),
(57, 'ตารางข่าวสาร', '#table-news', 0, 8),
(58, 'ตารางพนักงานเข้าใหม่', '#table-employeenews', 0, 8),
(59, 'ตารางพนักงานลาออก', '#table-employeeresign', 0, 8),
(60, 'ตารางพนักงานดีเด่น', '#tbl-outstandingemployee', 0, 8),
(61, 'ตารางพนักงานยอดขายดีเด่น', '#tbl-outstandingsales', 0, 8),
(62, 'ตารางแผนก', '#table-department', 1, 8),
(63, 'ตารางเบอร์โทรแผนก', '#table-numberdepartment', 1, 8),
(64, 'ตารางผู้ใช้งานระบบ', '#table-users', 0, 8),
(65, 'ตารางข่าวสาร', '#table-news', 0, 9),
(66, 'ตารางพนักงานเข้าใหม่', '#table-employeenews', 0, 9),
(67, 'ตารางพนักงานลาออก', '#table-employeeresign', 0, 9),
(68, 'ตารางพนักงานดีเด่น', '#tbl-outstandingemployee', 0, 9),
(69, 'ตารางพนักงานยอดขายดีเด่น', '#tbl-outstandingsales', 0, 9),
(70, 'ตารางแผนก', '#table-department', 0, 9),
(71, 'ตารางเบอร์โทรแผนก', '#table-numberdepartment', 0, 9),
(72, 'ตารางผู้ใช้งานระบบ', '#table-users', 1, 9),
(73, 'ตารางข่าวสาร', '#table-news', 0, 10),
(74, 'ตารางพนักงานเข้าใหม่', '#table-employeenews', 0, 10),
(75, 'ตารางพนักงานลาออก', '#table-employeeresign', 0, 10),
(76, 'ตารางพนักงานดีเด่น', '#tbl-outstandingemployee', 0, 10),
(77, 'ตารางพนักงานยอดขายดีเด่น', '#tbl-outstandingsales', 0, 10),
(78, 'ตารางแผนก', '#table-department', 0, 10),
(79, 'ตารางเบอร์โทรแผนก', '#table-numberdepartment', 0, 10),
(80, 'ตารางผู้ใช้งานระบบ', '#table-users', 1, 10),
(81, 'ตารางข่าวสาร', '#table-news', 1, 11),
(82, 'ตารางพนักงานเข้าใหม่', '#table-employeenews', 1, 11),
(83, 'ตารางพนักงานลาออก', '#table-employeeresign', 1, 11),
(84, 'ตารางพนักงานดีเด่น', '#tbl-outstandingemployee', 1, 11),
(85, 'ตารางพนักงานยอดขายดีเด่น', '#tbl-outstandingsales', 1, 11),
(86, 'ตารางแผนก', '#table-department', 1, 11),
(87, 'ตารางเบอร์โทรแผนก', '#table-numberdepartment', 1, 11),
(88, 'ตารางผู้ใช้งานระบบ', '#table-users', 1, 11),
(89, 'สิทธิ์การเข้าใช้งาน', '#permission.php', 1, 11),
(90, 'ตารางข่าวสาร', '#table-news', 0, 12),
(91, 'ตารางพนักงานเข้าใหม่', '#table-employeenews', 1, 12),
(92, 'ตารางพนักงานลาออก', '#table-employeeresign', 1, 12),
(93, 'ตารางพนักงานดีเด่น', '#tbl-outstandingemployee', 1, 12),
(94, 'ตารางพนักงานยอดขายดีเด่น', '#tbl-outstandingsales', 1, 12),
(95, 'ตารางแผนก', '#table-department', 0, 12),
(96, 'ตารางเบอร์โทรแผนก', '#table-numberdepartment', 0, 12),
(97, 'ตารางผู้ใช้งานระบบ', '#table-users', 0, 12),
(98, 'สิทธิ์การเข้าใช้งาน', '#permission.php', 0, 12),
(99, 'สมัครสมาชิก', '#register.php', 0, 12),
(100, 'ตารางข่าวสาร', '#table-news', 1, 13),
(101, 'ตารางพนักงานเข้าใหม่', '#table-employeenews', 0, 13),
(102, 'ตารางพนักงานลาออก', '#table-employeeresign', 0, 13),
(103, 'ตารางพนักงานดีเด่น', '#tbl-outstandingemployee', 0, 13),
(104, 'ตารางพนักงานยอดขายดีเด่น', '#tbl-outstandingsales', 0, 13),
(105, 'ตารางแผนก', '#table-department', 0, 13),
(106, 'ตารางเบอร์โทรแผนก', '#table-numberdepartment', 0, 13),
(107, 'ตารางผู้ใช้งานระบบ', '#table-users', 0, 13),
(108, 'สิทธิ์การเข้าใช้งาน', '#permission.php', 0, 13),
(109, 'สมัครสมาชิก', '#register.php', 0, 13),
(110, 'ตารางข่าวสาร', '#table-news', 1, 14),
(111, 'ตารางพนักงานเข้าใหม่', '#table-employeenews', 1, 14),
(112, 'ตารางพนักงานลาออก', '#table-employeeresign', 1, 14),
(113, 'ตารางพนักงานดีเด่น', '#tbl-outstandingemployee', 1, 14),
(114, 'ตารางพนักงานยอดขายดีเด่น', '#tbl-outstandingsales', 1, 14),
(115, 'ตารางแผนก', '#table-department', 1, 14),
(116, 'ตารางเบอร์โทรแผนก', '#table-numberdepartment', 1, 14),
(117, 'ตารางผู้ใช้งานระบบ', '#table-users', 1, 14),
(118, 'สิทธิ์การเข้าใช้งาน', '#permission.php', 1, 14),
(119, 'สมัครสมาชิก', '#register.php', 1, 14),
(120, 'ตารางข่าวสาร', '#table-news', 1, 15),
(121, 'ตารางพนักงานเข้าใหม่', '#table-employeenews', 1, 15),
(122, 'ตารางพนักงานลาออก', '#table-employeeresign', 1, 15),
(123, 'ตารางพนักงานดีเด่น', '#tbl-outstandingemployee', 1, 15),
(124, 'ตารางพนักงานยอดขายดีเด่น', '#tbl-outstandingsales', 1, 15),
(125, 'ตารางแผนก', '#table-department', 1, 15),
(126, 'ตารางเบอร์โทรแผนก', '#table-numberdepartment', 1, 15),
(127, 'ตารางผู้ใช้งานระบบ', '#table-users', 1, 15),
(128, 'สิทธิ์การเข้าใช้งาน', '#permission.php', 1, 15),
(129, 'สมัครสมาชิก', '#register.php', 1, 15),
(130, 'ตารางข่าวสาร', '#table-news', 0, 16),
(131, 'ตารางพนักงานเข้าใหม่', '#table-employeenews', 1, 16),
(132, 'ตารางพนักงานลาออก', '#table-employeeresign', 1, 16),
(133, 'ตารางพนักงานดีเด่น', '#tbl-outstandingemployee', 1, 16),
(134, 'ตารางพนักงานยอดขายดีเด่น', '#tbl-outstandingsales', 1, 16),
(135, 'ตารางแผนก', '#table-department', 0, 16),
(136, 'ตารางเบอร์โทรแผนก', '#table-numberdepartment', 0, 16),
(137, 'ตารางผู้ใช้งานระบบ', '#table-users', 0, 16),
(138, 'สิทธิ์การเข้าใช้งาน', '#permission.php', 0, 16),
(139, 'สมัครสมาชิก', '#register.php', 0, 16),
(140, 'ตารางข่าวสาร', '#table-news', 1, 17),
(141, 'ตารางพนักงานเข้าใหม่', '#table-employeenews', 1, 17),
(142, 'ตารางพนักงานลาออก', '#table-employeeresign', 1, 17),
(143, 'ตารางพนักงานดีเด่น', '#tbl-outstandingemployee', 1, 17),
(144, 'ตารางพนักงานยอดขายดีเด่น', '#tbl-outstandingsales', 1, 17),
(145, 'ตารางแผนก', '#table-department', 1, 17),
(146, 'ตารางเบอร์โทรแผนก', '#table-numberdepartment', 1, 17),
(147, 'ตารางผู้ใช้งานระบบ', '#table-users', 1, 17),
(148, 'สิทธิ์การเข้าใช้งาน', '#permission.php', 1, 17),
(149, 'สมัครสมาชิก', '#register.php', 1, 17),
(150, 'สวัสดิการพนักงาน', '#Tbl_Employeewelfare.php', 1, 17),
(151, 'ตารางข่าวสาร', '#table-news', 1, 18),
(152, 'ตารางพนักงานเข้าใหม่', '#table-employeenews', 1, 18),
(153, 'ตารางพนักงานลาออก', '#table-employeeresign', 1, 18),
(154, 'ตารางพนักงานดีเด่น', '#tbl-outstandingemployee', 1, 18),
(155, 'ตารางพนักงานยอดขายดีเด่น', '#tbl-outstandingsales', 1, 18),
(156, 'ตารางแผนก', '#table-department', 1, 18),
(157, 'ตารางเบอร์โทรแผนก', '#table-numberdepartment', 1, 18),
(158, 'ตารางผู้ใช้งานระบบ', '#table-users', 1, 18),
(159, 'สิทธิ์การเข้าใช้งาน', '#permission.php', 1, 18),
(160, 'สมัครสมาชิก', '#register.php', 1, 18),
(161, 'สวัสดิการพนักงาน', '#Tbl_Employeewelfare.php', 1, 18),
(162, 'ตารางข่าวสาร', '#table-news', 1, 19),
(163, 'ตารางพนักงานเข้าใหม่', '#table-employeenews', 0, 19),
(164, 'ตารางพนักงานลาออก', '#table-employeeresign', 0, 19),
(165, 'ตารางพนักงานดีเด่น', '#tbl-outstandingemployee', 0, 19),
(166, 'ตารางพนักงานยอดขายดีเด่น', '#tbl-outstandingsales', 0, 19),
(167, 'ตารางแผนก', '#table-department', 0, 19),
(168, 'ตารางเบอร์โทรแผนก', '#table-numberdepartment', 0, 19),
(169, 'ตารางผู้ใช้งานระบบ', '#table-users', 0, 19),
(170, 'สิทธิ์การเข้าใช้งาน', '#permission.php', 0, 19),
(171, 'สมัครสมาชิก', '#register.php', 0, 19),
(172, 'สวัสดิการพนักงาน', '#Tbl_Employeewelfare.php', 0, 19),
(173, 'ตารางข่าวสาร', '#table-news', 0, 20),
(174, 'ตารางพนักงานเข้าใหม่', '#table-employeenews', 1, 20),
(175, 'ตารางพนักงานลาออก', '#table-employeeresign', 1, 20),
(176, 'ตารางพนักงานดีเด่น', '#tbl-outstandingemployee', 1, 20),
(177, 'ตารางพนักงานยอดขายดีเด่น', '#tbl-outstandingsales', 1, 20),
(178, 'ตารางแผนก', '#table-department', 0, 20),
(179, 'ตารางเบอร์โทรแผนก', '#table-numberdepartment', 0, 20),
(180, 'ตารางผู้ใช้งานระบบ', '#table-users', 0, 20),
(181, 'สิทธิ์การเข้าใช้งาน', '#permission.php', 0, 20),
(182, 'สมัครสมาชิก', '#register.php', 0, 20),
(183, 'สวัสดิการพนักงาน', '#Tbl_Employeewelfare.php', 1, 20),
(184, 'ตารางข่าวสาร', '#table-news', 0, 21),
(185, 'ตารางพนักงานเข้าใหม่', '#table-employeenews', 0, 21),
(186, 'ตารางพนักงานลาออก', '#table-employeeresign', 0, 21),
(187, 'ตารางพนักงานดีเด่น', '#tbl-outstandingemployee', 0, 21),
(188, 'ตารางพนักงานยอดขายดีเด่น', '#tbl-outstandingsales', 0, 21),
(189, 'ตารางแผนก', '#table-department', 0, 21),
(190, 'ตารางเบอร์โทรแผนก', '#table-numberdepartment', 0, 21),
(191, 'ตารางผู้ใช้งานระบบ', '#table-users', 1, 21),
(192, 'สิทธิ์การเข้าใช้งาน', '#permission.php', 1, 21),
(193, 'สมัครสมาชิก', '#register.php', 1, 21),
(194, 'สวัสดิการพนักงาน', '#Tbl_Employeewelfare.php', 1, 21),
(195, 'ตารางข่าวสาร', '#table-news', 0, 22),
(196, 'ตารางพนักงานเข้าใหม่', '#table-employeenews', 0, 22),
(197, 'ตารางพนักงานลาออก', '#table-employeeresign', 0, 22),
(198, 'ตารางพนักงานดีเด่น', '#tbl-outstandingemployee', 0, 22),
(199, 'ตารางพนักงานยอดขายดีเด่น', '#tbl-outstandingsales', 0, 22),
(200, 'ตารางแผนก', '#table-department', 1, 22),
(201, 'ตารางเบอร์โทรแผนก', '#table-numberdepartment', 1, 22),
(202, 'ตารางผู้ใช้งานระบบ', '#table-users', 0, 22),
(203, 'สิทธิ์การเข้าใช้งาน', '#permission.php', 0, 22),
(204, 'สมัครสมาชิก', '#register.php', 0, 22),
(205, 'สวัสดิการพนักงาน', '#Tbl_Employeewelfare.php', 0, 22);

-- --------------------------------------------------------

--
-- Table structure for table `role`
--

CREATE TABLE `role` (
  `id` int(36) NOT NULL,
  `positionNameTh` varchar(50) DEFAULT NULL,
  `positionNameEng` varchar(50) NOT NULL,
  `status` tinyint(1) NOT NULL DEFAULT 1
) ENGINE=InnoDB DEFAULT CHARSET=utf8 COLLATE=utf8_general_ci;

--
-- Dumping data for table `role`
--

INSERT INTO `role` (`id`, `positionNameTh`, `positionNameEng`, `status`) VALUES
(17, 'แอดมิน', 'Admin', 1),
(18, 'ไอที', 'IT', 1),
(19, 'ธุรการกลาง', 'GA', 1),
(20, 'ฝ่ายบุคคล', 'HR', 1);

-- --------------------------------------------------------

--
-- Table structure for table `tbl_data`
--

CREATE TABLE `tbl_data` (
  `id` int(11) NOT NULL,
  `images` text NOT NULL,
  `data_id` int(100) NOT NULL,
  `created_at` timestamp NOT NULL DEFAULT current_timestamp()
) ENGINE=InnoDB DEFAULT CHARSET=utf8 COLLATE=utf8_general_ci;

--
-- Dumping data for table `tbl_data`
--

INSERT INTO `tbl_data` (`id`, `images`, `data_id`, `created_at`) VALUES
(1, '13-02-2024_65cb7b9915b23_DSC_4902.jpg', 1, '2024-02-13 14:24:25'),
(2, '13-02-2024_65cb7b991698a_DSC_4873.jpg', 1, '2024-02-13 14:24:25'),
(3, '13-02-2024_65cb7bad18679_DSC_5049.jpg', 2, '2024-02-13 14:24:45'),
(4, '13-02-2024_65cb7bbd46c8e_DSC_5606.jpg', 3, '2024-02-13 14:25:01'),
(20, '13-02-2024_65cb7ea55d0e9_2.jpg', 4, '2024-02-13 14:37:25'),
(21, '13-02-2024_65cb7ea55d585_5.jpg', 4, '2024-02-13 14:37:25'),
(22, '13-02-2024_65cb7ea55d790_4.jpg', 4, '2024-02-13 14:37:25'),
(23, '13-02-2024_65cb7ea55d9a8_1.jpg', 4, '2024-02-13 14:37:25'),
(24, '13-02-2024_65cb7ea55df08_8.jpg', 4, '2024-02-13 14:37:25'),
(25, '13-02-2024_65cb7ea55e181_6.jpg', 4, '2024-02-13 14:37:25'),
(26, '13-02-2024_65cb7ea55e40f_7.jpg', 4, '2024-02-13 14:37:25'),
(27, '13-02-2024_65cb7ea55e606_9.jpg', 4, '2024-02-13 14:37:25'),
(28, '13-02-2024_65cb7ea55e7e7_3.jpg', 4, '2024-02-13 14:37:25'),
(29, '14-02-2024_65cc143141bf4_2.jpg', 18, '2024-02-14 01:15:29'),
(30, '14-02-2024_65cc143141f84_5.jpg', 18, '2024-02-14 01:15:29'),
(31, '14-02-2024_65cc143142175_427924152_894732375994676_2929109296370691278_n (1).jpg', 18, '2024-02-14 01:15:29'),
(32, '14-02-2024_65cc143142345_4.jpg', 18, '2024-02-14 01:15:29'),
(33, '19-02-2024_65d3246e6e821_pexels-quang-nguyen-vinh-2145820.jpg', 19, '2024-02-19 09:50:38'),
(34, '19-02-2024_65d3246e6ec39_pexels-matheus-bertelli-1482777.jpg', 19, '2024-02-19 09:50:38'),
(35, '19-02-2024_65d3246e6eef2_pexels-johannes-plenio-1110656.jpg', 19, '2024-02-19 09:50:38');

-- --------------------------------------------------------

--
-- Table structure for table `tbl_datatext`
--

CREATE TABLE `tbl_datatext` (
  `id_text` int(11) NOT NULL,
  `title_news` text NOT NULL,
  `details_news` text NOT NULL,
  `details_newstotal` text NOT NULL,
  `time` timestamp NOT NULL DEFAULT current_timestamp() ON UPDATE current_timestamp()
) ENGINE=InnoDB DEFAULT CHARSET=utf8 COLLATE=utf8_general_ci;

--
-- Dumping data for table `tbl_datatext`
--

INSERT INTO `tbl_datatext` (`id_text`, `title_news`, `details_news`, `details_newstotal`, `time`) VALUES
(1, 'กิจกรรมทำบุญตักบาตร', 'กิจกรรมทำบุญตักบาตร	พนักงานโตโยต้าแก่นนคร สาขาสำนักงานใหญ่ สาขาบ้านดอน สาขาหนองเรือ และสาขามัญจา ร่วมทำบุญตักบาตรในช่วงเช้าของวันปีใหม่ 9 มกราคม 2567	', 'พนักงานโตโยต้าแก่นนคร สาขาสำนักงานใหญ่ สาขาบ้านดอน สาขาหนองเรือ และสาขามัญจา ร่วมทำบุญตักบาตรในช่วงเช้าของวันปีใหม่ 9 มกราคม 2567', '2024-02-13 14:45:01'),
(2, 'ประชุมวันปีใหม่	', 'พนักงานโตโยต้าแก่นนคร สาขาสำนักงานใหญ่ สาขาบ้านดอน สาขาหนองเรือ และสาขามัญจา เข้าร่วมการประชุมงานเลี้ยงวันปีใหม่ 9 มกราคม 2567	', 'พนักงานโตโยต้าแก่นนคร สาขาสำนักงานใหญ่ สาขาบ้านดอน สาขาหนองเรือ และสาขามัญจา เข้าร่วมการประชุมงานเลี้ยงวันปีใหม่ 9 มกราคม 2567', '2024-02-14 01:35:00'),
(3, 'กิจกรรมงานเลี้ยงวันปีใหม่', 'กิจกรรมงานเลี้ยงวันปีใหม่ พนักงานทั้ง 4 สาขาร่วมสนุกกับกิจกรรมจับฉลากของขวัญวันปีใหม่และกิจกรรมประกวดชุดแฟนตาซี 9 มกราคม 2567	', 'กิจกรรมงานเลี้ยงวันปีใหม่ พนักงานทั้ง 4 สาขาร่วมสนุกกับกิจกรรมจับฉลากของขวัญวันปีใหม่และกิจกรรมประกวดชุดแฟนตาซี 9 มกราคม 2567', '2024-02-12 04:29:28'),
(4, 'วันตรุษจีน โตโยต้าแก่นนคร', 'เนื่องในโอกาสวันตรุษจีนและปีใหม่นี้ ขออวยพรทุกท่าน คิดหวังสิ่งใดขอให้สมหวัง สมปรารถนา มีแต่ความสุข มั่งคั่ง โชคดีร่ำรวยตลอดปี 9/02/2567', 'เนื่องในโอกาสวันตรุษจีนและปีใหม่นี้ ขออวยพรทุกท่าน คิดหวังสิ่งใดขอให้สมหวัง สมปรารถนา มีแต่ความสุข มั่งคั่ง โชคดีร่ำรวยตลอดปี 9/02/2567 ', '2024-02-28 08:57:01');

-- --------------------------------------------------------

--
-- Table structure for table `tbl_department`
--

CREATE TABLE `tbl_department` (
  `id` int(255) NOT NULL,
  `department` text NOT NULL,
  `group_id` int(11) NOT NULL
) ENGINE=InnoDB DEFAULT CHARSET=utf8 COLLATE=utf8_general_ci;

--
-- Dumping data for table `tbl_department`
--

INSERT INTO `tbl_department` (`id`, `department`, `group_id`) VALUES
(1, 'ประธานกรรมการบริหาร', 1),
(2, 'บริการ', 1),
(3, 'บัญชี', 7),
(4, 'IT', 7),
(5, 'ทรัพยากรมนุษย์', 2),
(6, 'ธุรการกลาง', 2),
(7, 'พัฒนาองค์กร', 8),
(8, 'การเงิน', 8),
(9, 'ธุรการขาย', 3),
(10, 'ทะเบียน', 3),
(11, 'การตลาด', 3),
(12, 'ประกันภัย', 9),
(13, 'ประดับยนต์ VDQI', 9),
(14, 'ฝ่ายขาย', 4),
(15, 'TKN Rent A Car', 4),
(16, 'Cell Center', 10),
(17, 'บริการหลังการจำหน่าย GS', 5),
(18, 'CR', 11),
(19, 'ธุรการ Fleet', 11),
(20, 'บริการหลังการจำหน่าย BP', 6),
(21, 'ห้องฝึกอบรมช่างเทคนิค', 6),
(22, 'อะไหล่', 12),
(23, 'ห้องพยาบาล', 12),
(24, 'รปภ', 12),
(25, 'สำนักงานใหญ่', 13),
(26, 'สาขาหนองไผ่', 14),
(27, 'สาขาหนองเรือ', 15),
(28, 'สาขามัญจา', 16),
(29, 'สาขาบ้านดอน', 17),
(30, 'โทรระหว่างสาขา', 18);

-- --------------------------------------------------------

--
-- Table structure for table `tbl_employeenews`
--

CREATE TABLE `tbl_employeenews` (
  `id` int(50) NOT NULL,
  `id_employee` text NOT NULL,
  `img_employeenews` varchar(255) NOT NULL,
  `title_employeenews` varchar(255) NOT NULL,
  `details_employeenews` varchar(255) NOT NULL,
  `position_employeenews` varchar(255) NOT NULL,
  `time` timestamp NOT NULL DEFAULT current_timestamp()
) ENGINE=InnoDB DEFAULT CHARSET=utf8 COLLATE=utf8_general_ci;

-- --------------------------------------------------------

--
-- Table structure for table `tbl_employeeresign`
--

CREATE TABLE `tbl_employeeresign` (
  `id` int(50) NOT NULL,
  `id_employeeresign` text NOT NULL,
  `img_employeeresign` varchar(255) NOT NULL,
  `title_employeeresign` varchar(255) NOT NULL,
  `details_employeeresign` varchar(255) NOT NULL,
  `position_employeeresign` varchar(255) NOT NULL,
  `time` timestamp NOT NULL DEFAULT current_timestamp()
) ENGINE=InnoDB DEFAULT CHARSET=utf8 COLLATE=utf8_general_ci;

--
-- Dumping data for table `tbl_employeeresign`
--

INSERT INTO `tbl_employeeresign` (`id`, `id_employeeresign`, `img_employeeresign`, `title_employeeresign`, `details_employeeresign`, `position_employeeresign`, `time`) VALUES
(15, '-', '1040413279.jpg', 'คณารักษ์ อรรคพงษ์', 'สำนักงานใหญ่ (HO)', 'IT Support', '2024-02-10 03:52:03');

-- --------------------------------------------------------

--
-- Table structure for table `tbl_employeewelfare`
--

CREATE TABLE `tbl_employeewelfare` (
  `id` int(100) NOT NULL,
  `images` varchar(255) DEFAULT NULL,
  `title` text DEFAULT NULL,
  `details` text DEFAULT NULL
) ENGINE=InnoDB DEFAULT CHARSET=utf8 COLLATE=utf8_general_ci;

--
-- Dumping data for table `tbl_employeewelfare`
--

INSERT INTO `tbl_employeewelfare` (`id`, `images`, `title`, `details`) VALUES
(1, '863675720.jpg', 'สวัสดิการเกี่ยวกับการ ซ่อมบารุงซื้ออะไหล่และอุปกรณ์ของบริษัทฯ', '-'),
(6, '346807385.jpg', 'ตรวจสุขภาพประจำปี', '-'),
(7, '826814341.jpg', 'สวัสดิการสมรส', '-'),
(8, '1363011337.jpg', 'สวัสดิการคลอดบุตร', '-'),
(9, '112058945.png', 'สวัสดิการเยี่ยมไข้', '-'),
(10, '213445959.png', 'สวัสดิการเงินช่วยเหลือกรณีเสียชีวิต\r\n', '-'),
(11, '404119886.jpg', 'ประกันอุบัติเหตุ\r\n', '-'),
(12, '2003253572.jpg', 'กองทุนสำรองเลี้ยงชีพ\r\n', '-');

-- --------------------------------------------------------

--
-- Table structure for table `tbl_knowledge`
--

CREATE TABLE `tbl_knowledge` (
  `id_knowledge` int(11) NOT NULL,
  `topic_knowledge` varchar(255) NOT NULL,
  `details_knowledge` text NOT NULL,
  `img_knowledge` varchar(255) NOT NULL,
  `time` date NOT NULL,
  `types_knowledge` int(255) NOT NULL,
  `click_knowledge` int(255) NOT NULL,
  `link_knowledge` varchar(255) NOT NULL,
  `tyname_knowledge` varchar(255) NOT NULL
) ENGINE=InnoDB DEFAULT CHARSET=utf8mb4 COLLATE=utf8mb4_general_ci;

--
-- Dumping data for table `tbl_knowledge`
--

INSERT INTO `tbl_knowledge` (`id_knowledge`, `topic_knowledge`, `details_knowledge`, `img_knowledge`, `time`, `types_knowledge`, `click_knowledge`, `link_knowledge`, `tyname_knowledge`) VALUES
(1, 'วิธีการลบมัลแวร์ ', 'วิธีการลบไวรัสมัลแวร์ออกจาก Mac และ PC ภายใน 7 ขั้นตอน\r\n\r\nการกำจัดมัลแวร์อาจดูน่ากลัวหลังจากที่อุปกรณ์ของคุณติดไวรัส แต่ด้วยการแก้ไขอย่างระมัดระวังและรวดเร็ว การลบโปรแกรมไวรัสหรือมัลแวร์ทำได้ง่ายกว่าที่คุณคิด\r\n\r\nเราได้สร้างคู่มือที่อธิบายวิธีกำจัดมัลแวร์บน Mac หรือ PC ของคุณอย่างชัดเจน หากคุณคิดว่าพีซีหรือ Mac ของคุณติดมัลแวร์ ให้ทำตามขั้นตอนด้านล่างเพื่อลบออก โดยแบ่งออกเป็น 7 ขั้นตอนดังนี้\r\n\r\nตัดการเชื่อมต่อจากอินเทอร์เน็ต\r\nเปิดคอมพิวเตอร์ของคุณในเซฟโหมด\r\nลบ temporary file\r\nตรวจสอบ activities บนระบบเพื่อหาโปรแกรมที่น่าสงสัย\r\nเปิดสแกนมัลแวร์\r\nซ่อมแซมเว็บเบราว์เซอร์ของคุณ\r\nclear cache ที่อยู่ภายในระบบ', '111111.jpg', '2024-07-04', 1, 0, 'www.google.com', 'วิธีการจัดการคอมพิวเตอร์'),
(4, 'วิธีเปิดใช้งาน Windows Defender', 'ค้นหาวิธีเปิด Windows Defender ใน Windows 10 และ Windows 11 และปิดอีกครั้งหากจำเป็น\r\n \r\nWindows Defender เปิดตัวครั้งแรกพร้อมกับ Windows Vista ซอฟต์แวร์ป้องกันไวรัสในตัวฟรีของ Microsoft ที่ให้การป้องกันระดับพื้นฐานสำหรับเครื่อง Windows มาเป็นเวลาหลายปี โดยความสามารถและประสิทธิภาพได้รับการปรับปรุงทุกครั้งที่ทำซ้ำ\r\n \r\nWindows Defender ปรากฏใน Windows ทุกรุ่นตั้งแต่ Vista และยังคงพบได้ใน Windows 10 และ Windows 11 รุ่นที่รองรับในปัจจุบัน แม้ว่าจะมีการขยายให้ครอบคลุมเครื่องมือรักษาความปลอดภัยที่หลากหลายตั้งแต่เปิดตัวครั้งแรก\r\n \r\nเนื่องจากเป็นซอฟต์แวร์ลิขสิทธิ์ Microsoft จะแจ้งให้คุณทราบเป็นประจำหาก Windows Defender เปิดหรือปิดอยู่ และจะนำคุณไปยังหน้าจอที่คุณสามารถเปิดใช้งานได้หากต้องการ แต่หากยังไม่เกิดขึ้นคุณสามารถเปิดใช้งานได้ด้วยตนเอง\r\n \r\nDefender เป็นส่วนประกอบป้องกันมัลแวร์ในทางเทคนิคของ Windows แต่ปัจจุบันนี้ยังควบคุมเครื่องมือรักษาความปลอดภัยอื่นๆ มากมายซึ่งเป็นส่วนหนึ่งของ Windows น่าเสียดายที่การเข้าถึงอินเทอร์เฟซที่ถูกต้องอาจเป็นเรื่องที่ท้าทาย ทั้งนี้ขึ้นอยู่กับเวอร์ชันของ Windows ที่คุณใช้และอัปเดตใดที่คุณใช้อยู่ เนื่องจากอินเทอร์เฟซผู้ใช้มีการอัปเดตหลายครั้ง', '222222.jpg', '2024-07-04', 1, 0, '', 'วิธีการจัดการคอมพิวเตอร์'),
(5, 'มัลแวร์ คือ อะไร', 'MALWARE (มัลแวร์)  นั้นย่อมาจาก MALicious และ SoftWARE หมายถึง โปรแกรมประสงค์ร้ายที่ถูกเขียนขึ้นมา เพื่อทำอันตรายกับข้อมูลในระบบ เช่น ทำให้เครื่องคอมพิวเตอร์ทำงานผิดปกติ ขโมยหรือทำลายข้อมูลหรืออาจจะเปิดช่องทางให้ผู้ไม่หวังดีเข้ามาควบคุมเครื่องของเราได้\r\n\r\nประเภทของมัลแวร์ เช่น\r\n\r\nVirus (ไวรัส) สามารถแพร่กระจายตัวเองไปยังเครื่องอื่น ๆ ผ่านไฟล์ที่ส่งต่อกันระหว่างเครื่อง เมื่อมันแอบเข้ามายังคอมพิวเตอร์ได้แล้ว มันก็จะเข้าไปก่อกวนการทำงานจนทำให้เกิดผลเสียต่อเครื่องคอมพิวเตอร์ เหมือนเวลาที่เราป่วยเพราะไวรัส ร่างกายของเราก็จะทำงานได้ไม่เต็มที่เท่าเดิม คอมพิวเตอร์เองก็เช่นเดียวกัน\r\nWorm (เวิร์ม) สามารถแพร่กระจายตัวเองไปยังเครื่องอื่น ๆ ผ่านเครือข่ายคอมพิวเตอร์ได้เองโดยอัตโนมัติ คล้ายกับตัวหนอนที่ชอนไชไปยังเส้นทางต่าง ๆ จนทำให้เครือข่ายล่มหรือใช้งานไม่ได้\r\nTrojan (โทรจัน) ถูกสร้างขึ้นมาเพื่อหลอกเราว่า มันเป็นโปรแกรมทั่วไปที่ไม่มีพิษภัย แล้วให้ผู้ใช้หลงเชื่อและนำไปติดตั้ง หลังจากนั้น มันก็จะสามารถเข้าไปเล่นงานระบบของเราได้ง่าย ๆ\r\nBackdoor (แบ็กดอร์) มีความสามารถในการเปิดช่องทางให้ผู้ไม่หวังดีสามารถเข้ามาควบคุมเครื่องคอมพิวเตอร์ของเราได้และ สามารถทำอะไรก็ได้กับเครื่องของเรา เช่น สั่งลบหรือโอนย้ายข้อมูลของเราก็ได้\r\nSpyware (สปายแวร์) คอยแอบดูพฤติกรรมการใช้คอมพิวเตอร์ของเรา และยังสามารถขโมยข้อมูลส่วนตัวของเราไปได้ด้วย ซึ่งถือเป็นเรื่องที่อันตรายมาก ๆ', '333333.jpg', '2024-07-04', 1, 0, '', 'วิธีการจัดการคอมพิวเตอร์'),
(6, 'Antivirus คือ', 'Antivirus Program\r\n\r\nโปรแกรมป้องกันไวรัส หรือ แอนติไวรัส (อังกฤษ: antivirus software) เป็นโปรแกรมที่สร้างขึ้นเพื่อคอยตรวจจับ ป้องกัน และกำจัดโปรแกรมคุกคามทางคอมพิวเตอร์หรือมัลแวร์ ซึ่งหมายถึง ไวรัส เวิร์ม โทรจัน สปายแวร์ แอดแวร์ และซอฟต์แวร์คุกคามประเภทอื่นๆ\r\n\r\n          โปรแกรมป้องกันไวรัสมี 2 แบบหลักๆ คือ\r\n\r\nแอนติไวรัส (Anti-Virus) เป็นโปรแกรมโปรแกรมป้องกันไวรัสทั่วๆไป จะค้นหาและทำลายไวรัสในคอมพิวเตอร์ของเรา\r\nแอนติสปายแวร์ (Anti-Spyware) เป็นโปรแกรมป้องกันการโจรกรรมข้อมูล จากไวรัสสปายแวร์ และจากแฮ็กเกอร์ รวมถึงการกำจัด Adsware ซึ่งเป็นป๊อปอัพโฆษณาอีกด้วย\r\n          Antivirus มีหน้าที่การทำงาน 2 ลักษณะ คือ ระบุชื่อของไวรัสที่รู้จัก และตรวจสอบผลของการทำลายจากไวรัสในแฟ้มต่างๆ เราอาจเปรียบโปรแกรม Antivirus เสมือนยาสามัญประจำบ้านที่เราจำเป็นต้องมีติดไว้เพื่อใช้รักษาโรค  ซึ่งโรคเหล่านั้นก็เปรียบได้กับไวรัสประเภทต่าง ๆ และหากมีโรคชนิดใหม่เกิดขึ้นเราก็จำเป็นจะต้องหายามาเตรียมพร้อมไว้ซึ่งก็ คือการอัพเดตโปรแกรม Antivirus ให้รู้จัก virus และวิธีการกำจัด virus นั่นเอง', '444444.jpg', '2024-07-04', 1, 0, '', 'วิธีการจัดการคอมพิวเตอร์'),
(7, 'FIREWALL คืออะไร ? สำคัญหรือเปล่านะ ?', 'Firewall มีประโยชน์อย่างไร ?\r\n\r\nช่วยลดช่องโหว่การรักษาความปลอดภัยเครือข่ายของบริษัท\r\nวัตถุประสงค์หลักของไฟร์วอลล์ คือเพื่อป้องกันการโจมตีการรักษาความปลอดภัยเครือข่าย หรือการโจมตีของแฮกเกอร์ ไฟร์วอลล์ฮาร์ดแวร์สามารถกำหนดค่าหรือกฎเฉพาะที่สามารถจดจำและบล็อคไวรัสและมัลแวร์ได้ และยังสามารถบล็อคการเข้าถึงจากภายนอกที่ไม่ได้รับอนุญาตอีกด้วย\r\n\r\nช่วยตรวจสอบและควบคุมการใช้อินเตอร์เน็ต\r\nนอกเหนือจากการตรวจสอบการรับส่งข้อมูลขาเข้าแล้ว ไฟร์วอลล์ฮาร์ดแวร์ยังสามารถใช้เพื่อตรวจสอบและบล็อคการรับส่งข้อมูลขาออกจากภายในองค์กรของคุณได้อีกด้วย โดยการนำกฎที่กำหนดมาใช้ ทางไอทีสามารถบล็อคการเข้าถึงโซเชียลมีเดีย, ระบุตัวตน และหยุดการเข้าถึงเว็บไซต์ที่ไม่เหมาะสมได้ รวมถึงยังสามารถจำกัดการใช้งานอินเตอร์เน็ตทั้งในและนอกเวลาทำการอีกด้วย โดยกระบวนการนี้จะช่วยเพิ่มผลลัพธ์ที่ดีในการทำงานและในที่สุดแล้วก็จะช่วยเพิ่มผลกำไรทางธุรกิจได้อีกด้วย\r\n\r\nใช้ในการตรวจสอบเครือข่ายเพื่อป้องกันการโจมตีหรือการละเมิด\r\nปัจจุบัน ยังไม่มีไฟร์วอลล์ใดในโลกที่สามารถป้องกันการคุกคามทางไซเบอร์ได้ 100% ท้ายที่สุดทุกเครือข่ายก็อาจถูกโจมตีหรือละเมิดได้ แม้แต่ Google เองก็ตาม\r\n\r\nไฟร์วอลล์ฮาร์ดแวร์มีความสามารถในการตรวจสอบการรับส่งข้อมูลเครือข่ายขาเข้าและขาออกทั้งหมด รวมถึงแจ้งเตือนบริษัท/ผู้จัดการด้าน IT ของคุณเมื่อมีกิจกรรมที่ไม่ได้รับอนุญาตเกิดขึ้น สิ่งนี้จะช่วยให้คุณดำเนินการได้อย่างรวดเร็วเมื่อมีการละเมิดหรือโจมตีเกิดขึ้น\r\n\r\nซึ่งคุณจะสามารถกำหนดค่าและจัดการการแจ้งเตือนของคุณภายในแผงควบคุมไฟร์วอลล์ซอฟต์แวร์ โดยส่วนใหญ่แล้วไฟร์วอลล์ฮาร์ดแวร์มักกำหนดค่าให้มีการแจ้งเตือนผ่านทางอีเมลหรือข้อความ\r\n\r\nช่วยปกป้องอีเมลและชื่อเสียงของบริษัท\r\nเราสามารถกำหนดค่าไฟร์วอลล์ฮาร์ดแวร์เพื่อปกป้องเซิร์ฟเวอร์ของอีเมล ถ้าหากแฮ็กเกอร์เข้าถึงเครือข่ายของคุณ พวกเขาอาจจะขโมยเซิร์ฟเวอร์ SMTP ของคุณ และใข้มันส่งสแปมไปยังผู้ติดต่อจากบัญชีอีเมลของคุณ การกระทำนี้อาจส่งผลให้สูญเสียลูกค้าหรือสร้างความเสียหายต่อชื่อเสียงของบริษัทได้\r\n\r\nการสร้างเครือข่ายส่วนตัวเสมือน\r\nไฟร์วอลล์ฮาร์ดแวร์สามารถนำมาสร้างความปลอดภัยการเข้ารหัสเครือข่ายการเชื่อมต่อ งเรียกว่าเครือข่ายส่วนตัวเสมือน หรือที่เรียกว่า VPN โดยพนักงานที่ทำงานในบ้านและผู้ใช้อุปกรณ์เคลื่อนที่สามารถเชื่อมต่อกับเครือข่ายของบริษัท และเข้าถึงทรพยากรผ่านการเชื่อมต่อที่เข้ารหัสเฉพาะ ซึ่งจะทำให้เครือข่ายของคุณมีความปลอดภัยเพิ่มขึ้นอีกขั้น โดยสามารถไฟร์วอลล์ให้เหมาะสม และช่วยไม่ให้เกิดการดักจับข้อมูลขององค์กรและข้อมูลส่วนตัวจากบุคคลภายนอกได้', '555555.jpg', '2024-07-04', 2, 0, '', 'เรียนรู้ความปลอดภัย'),
(8, 'Localhost คืออะไร ', 'Localhost คือ การจำลอง Server บนเครื่องคอมพิวเตอร์ของตัวเองใช้งานผ่านเว็บบราวเซอร์ http://localhost หรือ http://127.0.0.1 ทั้ง 2 URL จะใช้งานได้ก็ต่อเมื่อติดตั้งการจำลอง Server เอาไว้แล้ว\r\nสาเหตุหลัก ๆ ของการติดตั้ง Localhost คือใช้ในการพัฒนาเว็บก่อนขึ้น Hosting จริง ๆ\r\nLocalhost จะไม่ได้มีการติดตั้งมากับตัว Windows ที่ตัวเครื่องคอมพิวเตอร์ของเรา จะต้องทำการติดตั้งเพิ่มเติมเพื่อจำลองการสร้าง Server โดยจะใช้โปรแกรมภาษา PHP โปรแกรมฐานข้อมูล MySQL และโปรแกรมที่ทำหน้าที่เป็น Web Server\r\nปัจจุบันไม่ต้องทำการติดตั้งแยกทีละตัวแล้ว จะมีโปรแกรมที่รวมทุกอย่างในการใช้จำลอง Server มาให้ติดตั้งกันแบบง่าย ๆเลยคือ AppServ, WampServer, XAMPP เป็นต้น\r\n\r\nประโยชน์ของ Localhost\r\nใช้เพื่อทำการฝึกพัฒนาเว็บไซต์ก่อนที่จะทำการขึ้น Server Hosting จริง อาจจะทดลองการใช้ CMS หรือ Plugin ต่าง ๆปรับเปลี่ยนดัดแปลง UX/UI ให้สมบูรณ์เพิ่มลูกเล่นของเว็บไซต์ การใช้งานผ่าน Localhost นั้นไม่จำเป็นต้องเชื่อมต่ออินเตอร์เน็ตสามารถที่จะทดสอบตอนไหนก็ได้\r\nและ Localhost ที่ดีคือ ไม่เสียเงินในการจำลอง Server ขึ้นมานั้นเอง\r\nเมื่อทำการพัฒนาเว็บไซต์บน Localhost เรียบร้อยแล้ว ทีนี้จำเป็นที่จะต้องขึ้น Server Hosting ของจริงแล้ว เพื่อที่จะออนไลน์ทั่วโลก อันดับแรกคือ ต้องจดชื่อ Domain และ เช่าพื้นที่ Hosting ก่อนนั่นเอง', '666666.jpg', '2024-07-04', 2, 0, '', 'เรียนรู้ความปลอดภัย'),
(9, 'Hacker มีประเภทไหนบ้าง?', 'Hacker มีประเภทไหนบ้าง?\r\n\r\nอาชญากรรมบนโลกไซเบอร์นั้น มักจะเกิดจากคนที่เชี่ยวชาญด้านคอมพิวเตอร์นั่นคือ “แฮกเกอร์” แต่จริงๆ แล้วแฮกเกอร์ก็มีหลายประเภทด้วยกัน มาลองดูกันเลย\r\n\r\n1.แฮกเกอร์หมวกดำ (Black Hat Hacker) จอมวายร้ายที่เจาะระบบอย่างผิดกฏหมาย สร้างความเสียหาย ทั้งทำเพื่อเงิน และเล่นสนุก เชี่ยวชาญเรื่องคอมพิวเตอร์สูง พวกเขาจะคอยสร้างเวิร์มประสิทธิภาพร้อยออกมาเรื่อยๆ\r\n\r\n2.แฮกเกอร์หมวกขาว (White Hat Hacker) แฮกเกอร์สายคุณธรรม ที่เชี่ยวชาญเรื่องเจาะระบบ เพื่อหาจุดอ่อนและวางระบบป้องกัน คอยทำงานให้บริษัท หรือหน่วยงาน เพื่อรับมือกับแฮกเกอร์หมวกดำนั่นเอง\r\n\r\n3.แฮกเกอร์หมวกเทา (Gray Hat Hacker) เหมือนมือปืนรับจ้าง ขึ้นอยู่กับว่าใครจะจ้าง ใครจ่ายเยอะ ก็พร้อมจะแปรเปลี่ยนสีหมวกไปตามนั้น\r\n\r\n4.สคริปต์คิดดี้ส์ (Script Kiddies) แฮกเกอร์สมัครเล่น ไม่ได้เชี่ยวชาญเรื่องคอมพิวเตอร์นัก มักจะหาไวรัสจากคนที่เคยทำไว้อยู่แล้ว มาปล่อย เพื่อเล่นสนุก หรือลองของเฉยๆ พวกนี้รับมือไม่ยากมาก\r\n\r\nเครดิตข้อมูล http://bit.ly/2OFn20k http://bit.ly/2RrI9Ss http://bit.ly/2ydtsd3', '777777.jpg', '2024-07-04', 2, 0, '', 'เรียนรู้ความปลอดภัย'),
(10, 'VPN (Virtual Private Network) คืออะไร\r\n', 'VPN คืออะไร\r\nVPN หรือเครือข่ายส่วนตัวเสมือน (Virtual Private Network) สร้างการเชื่อมต่อเครือข่ายส่วนตัวระหว่างอุปกรณ์ต่างๆ ผ่านอินเทอร์เน็ต โดยเราใช้ VPN เพื่อส่งข้อมูลอย่างปลอดภัยและไม่เปิดเผยตัวตนผ่านเครือข่ายสาธารณะ ซึ่งจะทำงานโดยปกปิดที่อยู่ IP ของผู้ใช้และเข้ารหัสข้อมูล เพื่อให้บุคคลที่ไม่ได้รับอนุญาตที่ได้รับข้อมูลดังกล่าวไม่สามารถอ่านได้\r\n\r\nเราใช้ VPN ทำอะไรบ้าง\r\nโดยส่วนใหญ่แล้วเราจะใช้บริการ VPN เพื่อส่งข้อมูลทางอินเทอร์เน็ตอย่างปลอดภัย โดยหน้าที่หลักสามประการของ VPN ได้แก่\r\n\r\n1. ความเป็นส่วนตัว\r\nหากไม่มีเครือข่ายส่วนตัวเสมือน บุคคลที่สามสามารถบันทึกและขายข้อมูลส่วนบุคคลของคุณได้ เช่น รหัสผ่าน ข้อมูลบัตรเครดิต และประวัติการท่องเว็บ ดังนั้น VPN จึงใช้การเข้ารหัสเพื่อเก็บข้อมูลที่เป็นความลับนี้ให้เป็นส่วนตัว โดยเฉพาะอย่างยิ่งเมื่อเชื่อมต่อผ่านเครือข่าย Wi-Fi สาธารณะ \r\n\r\n2. การปกปิดตัวตน\r\nที่อยู่ IP ของคุณมีข้อมูลเกี่ยวกับตำแหน่งที่ตั้งและกิจกรรมการท่องเว็บของคุณ โดยเว็บไซต์ทั้งหมดบนอินเทอร์เน็ตติดตามข้อมูลนี้โดยใช้คุกกี้และเทคโนโลยีที่คล้ายคลึงกัน ซึ่งสามารถระบุตัวคุณได้ทุกเมื่อที่คุณเยี่ยมชมเว็บไซต์ต่างๆ ดังนั้นการเชื่อมต่อ VPN จะซ่อนที่อยู่ IP เพื่อปกปิดตัวตนของคุณบนอินเทอร์เน็ต\r\n\r\n3. ความปลอดภัย\r\nบริการ VPN ใช้การเข้ารหัสเพื่อปกป้องการเชื่อมต่ออินเทอร์เน็ตของคุณจากการเข้าถึงโดยไม่ได้รับอนุญาต นอกจากนี้ยังสามารถทำหน้าที่เป็นกลไกปิดการทำงาน โดยจะปิดโปรแกรมที่เลือกไว้ล่วงหน้าในกรณีที่พบกิจกรรมทางอินเทอร์เน็ตที่น่าสงสัย ซึ่งช่วยลดโอกาสที่ข้อมูลจะถูกโจมตีได้อีกด้วย โดยคุณสมบัติเหล่านี้ช่วยให้บริษัทต่างๆ สามารถให้การเข้าถึงระยะไกลแก่ผู้ใช้ที่ได้รับอนุญาตผ่านเครือข่ายธุรกิจของตนได้อีกด้วย\r\n\r\nVPN ทำงานอย่างไร\r\nการเชื่อมต่อ VPN จะเปลี่ยนเส้นทางแพคเก็ตข้อมูลจากเครื่องของคุณไปยังเซิร์ฟเวอร์ระยะไกลอื่น ก่อนที่จะส่งไปยังบุคคลที่สามผ่านทางอินเทอร์เน็ต โดยหลักการสำคัญที่อยู่เบื้องหลังเทคโนโลยี VPN ได้แก่\r\n\r\nโปรโตคอลช่องทางการเชื่อมต่อ\r\nเครือข่ายส่วนตัวเสมือนจะสร้างช่องทางการเชื่อมต่อข้อมูลที่ปลอดภัยระหว่างเครื่องในระบบของคุณกับเซิร์ฟเวอร์ VPN อื่นในตำแหน่งที่ตั้งที่อยู่ห่างออกไปหลายพันไมล์ เมื่อคุณออนไลน์ เซิร์ฟเวอร์ VPN นี้จะกลายเป็นต้นทางข้อมูลทั้งหมดของคุณ ผู้ให้บริการอินเทอร์เน็ต (ISP) และบริษัทภายนอกรายอื่นๆ จึงไม่สามารถมองเห็นรายละเอียดการใช้งานอินเทอร์เน็ตของคุณได้อีกต่อไป \r\n\r\nการเข้ารหัส\r\nโปรโตคอล VPN ต่างๆ เช่น IPSec จะแปลงข้อมูลของคุณก่อนที่จะส่งผ่านช่องทางการเชื่อมต่อข้อมูล โดย IPsec เป็นชุดโปรโตคอลในการรักษาความปลอดภัยการสื่อสารผ่านอินเทอร์เน็ตโปรโตคอล (IP) โดยการรับรองความถูกต้องและเข้ารหัสแต่ละแพคเก็ต IP ของสตรีมข้อมูล ซึ่งบริการ VPN จะทำหน้าที่เป็นตัวกรอง ทำให้ข้อมูลของคุณไม่สามารถอ่านได้ที่ปลายทางฝั่งหนึ่งและถอดรหัสได้เฉพาะที่ปลายอีกฝั่งหนึ่งเท่านั้น ซึ่งจะช่วยป้องกันการใช้ข้อมูลส่วนบุคคลในทางที่ผิด แม้ว่าการเชื่อมต่อเครือข่ายของคุณจะถูกโจมตีก็ตาม การรับส่งข้อมูลผ่านเครือข่ายจึงไม่มีความเสี่ยงที่จะถูกโจมตีอีกต่อไป และการเชื่อมต่ออินเทอร์เน็ตของคุณก็จะปลอดภัย\r\n\r\nเหตุใดคุณจึงควรใช้ VPN\r\nเพื่อเข้าถึงอินเทอร์เน็ตสาธารณะได้อย่างปลอดภัย\r\nเครือข่ายส่วนตัวเสมือนทำให้กิจกรรมบนเว็บขณะเดินทางปลอดภัยยิ่งขึ้นสำหรับทุกคน เนื่องจากทุกวันนี้ผู้คนต่างคุ้นเคยกับการอ่านบทความข่าวที่ร้านกาแฟ เช็คอีเมลที่ซูเปอร์มาร์เก็ต หรือลงชื่อเข้าใช้บัญชีธนาคารบนอุปกรณ์มือถือ การเชื่อมต่ออินเทอร์เน็ตในลักษณะนี้จึงเสี่ยงต่อการถูกแฮ็กเนื่องจากกิจกรรมบนเว็บดังกล่าวดำเนินการผ่าน Wi-Fi สาธารณะ ดังนั้นการใช้บริการ VPN เมื่อเชื่อมต่อกับฮอตสปอต Wi-Fi สาธารณะที่ไม่ปลอดภัยจะช่วยดูแลทั้งข้อมูลและอุปกรณ์ของคุณให้ปลอดภัย\r\n\r\nเพื่อเก็บรักษาประวัติการค้นหาของคุณให้เป็นส่วนตัว\r\nทุกคนต่างทราบดีว่าผู้ให้บริการอินเทอร์เน็ตและเว็บเบราว์เซอร์ติดตามประวัติการค้นหาของคุณ โดยพวกเขาสามารถและมักจะขายประวัติการท่องเว็บของคุณเพื่อวัตถุประสงค์ทางการตลาด ตัวอย่างเช่น การค้นหาบทความเกี่ยวกับก๊อกน้ำที่รั่วอาจส่งผลให้คุณพบกับโฆษณาที่กำหนดกลุ่มเป้าหมายจากช่างประปาในพื้นที่ ซึ่งการเชื่อมต่อ VPN จะปกป้องคุณจากการใช้ข้อมูลในทางที่ผิด\r\n\r\nเพื่อเข้าถึงบริการสตรีมมิงทั่วโลก\r\nเมื่อคุณเดินทางออกนอกประเทศ บริการสตรีมมิงแบบมีค่าใช้จ่ายของคุณอาจไม่สามารถใช้งานได้เนื่องจากข้อกำหนดและระเบียบข้อบังคับตามสัญญา ซึ่งการเชื่อมต่อ VPN จะทำให้คุณสามารถเปลี่ยนที่อยู่ IP จากประเทศหลักของคุณได้ และอนุญาตให้เข้าถึงรายการโปรดของคุณได้จากประเทศที่คุณอยู่ในขณะนั้น\r\n\r\nเพื่อปกป้องตัวตนของคุณ\r\nด้วยการปกปิดตัวตนของคุณ บริการ VPN จะปกป้องคุณจากการสอดแนมทางดิจิทัล โดยปกป้องความคิดเห็นและการสนทนาของคุณบนอินเทอร์เน็ตจากการถูกติดตามพร้อมทั้งคุ้มครองเสรีภาพในการพูดของคุณ หากคุณไม่ได้ใช้ตัวตนที่แท้จริงบนแพลตฟอร์มโซเชียลมีเดียต่างๆ', '888888.jpg', '2024-07-04', 2, 0, '', 'เรียนรู้ความปลอดภัย');

-- --------------------------------------------------------

--
-- Table structure for table `tbl_numberdepartment`
--

CREATE TABLE `tbl_numberdepartment` (
  `id` int(255) NOT NULL,
  `name` varchar(255) NOT NULL,
  `number` text NOT NULL,
  `department` varchar(255) NOT NULL
) ENGINE=InnoDB DEFAULT CHARSET=utf8 COLLATE=utf8_general_ci;

--
-- Dumping data for table `tbl_numberdepartment`
--

INSERT INTO `tbl_numberdepartment` (`id`, `name`, `number`, `department`) VALUES
(1, 'สำนักงานใหญ่ 043-333444 ', '', '25'),
(2, 'Fax,ฝ่ายบัญชี 043-365400', '', '25'),
(3, 'Tel 043-347444', '', '26'),
(4, 'TOYOTA SURE 043-465555', '', '26'),
(5, 'FAX 043-465454', '', '26'),
(6, 'Tel 043-294678', '', '27'),
(7, 'FAX 043-294789', '', '27'),
(8, 'Tel 043-306317-8', '', '28'),
(9, 'Tel 043-241888', '', '29'),
(10, 'หนองไผ่ ', '112', '30'),
(15, 'คุณโชค', '888', '1'),
(16, 'เลขา', '887', '1'),
(17, 'ห้องครัว', '800', '2'),
(18, 'ร้านกาแฟ', '801', '2'),
(19, 'ห้องประชุมชั้น2 ตึกเก่า', '802', '2'),
(20, 'ห้องประชุม ตึกใหม่', '803', '2'),
(21, 'ห้องประชุม CR', '804', '2'),
(22, 'ผอ. ฝ่ายHR&GA (พี่มล)', '666', '5'),
(23, 'หัวหน้า HR', '602', '5'),
(24, 'สรรหา ', '600', '5'),
(25, 'Time&Attendance (จอย)', '601', '5'),
(26, 'สวัสดิการ', '603', '5'),
(27, 'หัวหน้าธุรการกลาง (แป้ง)', '612', '6'),
(28, 'ธุรการกลาง (เมย์)', '611', '6'),
(30, 'จัดซื้อ (นุ่น)', '610', '6'),
(31, 'TBR คิวรถใหม่ (รุ่ง)', '501', '9'),
(32, 'VDQI (อ้อม)', '530', '9'),
(33, 'ป้ายแดง (แอน)', '531', '9'),
(34, 'ไฟแนนซ์อาวุโส (พี่ปุย)', '562', '9'),
(35, 'GM การตลาด', '500', '11'),
(36, 'การตลาด', '540', '11'),
(37, 'ทะเบียน (แรม,นุ่น)', '510', '10'),
(38, 'ผอ.ฝ่ายขาย (พี่นันท์)', '111', '14'),
(39, 'ผอ.ฝ่ายขาย (พี่ปอนด์)', '561', '14'),
(40, 'โชว์รูม 1', '551', '14'),
(41, 'โชว์รูม 2', '555', '14'),
(42, 'ห้องขาย', '553', '14'),
(43, 'แคชเชียร์ขาย (พี่หมู)', '556', '14'),
(44, 'Tel,Fax 043365212', '', '15'),
(45, 'ผจก.กอล์ฟ', '123', '17'),
(46, 'ยุ้ย SA', '305', '17'),
(47, 'คอนโทรล', '300', '17'),
(48, 'SA ด้านบน/รับงานซ่อม 1', '302', '17'),
(49, 'SA ด้านบน/รับงานซ่อม 2', '304', '17'),
(50, 'QC ล้างรถ', '307', '17'),
(51, 'แคชเชียร์', '308', '17'),
(52, 'ธุรการศูนย์บริการ (ฝ้าย)', '309', '17'),
(53, 'TA', '351', '17'),
(54, 'ผอ.ศูนย์ BP (คุณไพบูลย์)', '333', '20'),
(55, 'ผช.ผจก/หัวหน้าแผนก (อ๊อฟ/เอ๋)', '363', '20'),
(56, 'โฟร์แมน (แจ็ค)', '360', '20'),
(57, 'คอนโทรล (ซับ)', '361', '20'),
(58, 'SA BP', '362', '20'),
(59, 'ห้องฝึกอบรม', '807', '21'),
(60, 'ผอ.ฝ่ายบัญชี (พี่เถียร)', '700', '3'),
(61, 'วางบิลค่าใช้จ่ายต่างๆ (แอ๋ว)', '701', '3'),
(62, 'วางบิลค่าใช้จ่ายต่างๆ (หยด)', '702', '3'),
(63, 'ใบกำกับภาษี,ใบเสร็จรถ (อ้น)', '703', '3'),
(64, 'ใบกำกับภาษี,ใบเสร็จรถ (จู,อัง)', '704', '3'),
(65, 'บัญชีขายศูนย์บริการ (อ้อย)', '705', '3'),
(66, 'IT', '620', '4'),
(67, 'OD,จปว (เกษ,ปอเปี๊ยะ)', '641', '7'),
(68, 'HRD (พี่นุช)', '640', '7'),
(70, 'ผอ. ฝ่ายการเงิน (พี่ตื้น)', '777', '8'),
(71, 'โอนเงิน,ค่าใช้จ่ายต่างๆ (บี)', '710', '8'),
(72, 'โอนเงิน,ค่าใช้จ่ายต่างๆ (อั๋น)', '711', '8'),
(73, 'ประกันภัย', '520', '12'),
(74, 'ประกันภัยต่ออายุ', '521', '12'),
(75, 'ประดับยนต์ (VDQI)', '364', '13'),
(76, 'ห้องสโตร์ VDQI', '532', '13'),
(77, 'ติดฟิมล์ (อุทัย)', '533', '13'),
(78, 'Cellcenter', '100', '16'),
(79, 'Cellcenter (ไก่)', '101', '16'),
(80, 'Cellcenter (จูน)', '102', '16'),
(81, 'Cellcenter (แอม)', '103', '16'),
(82, 'Cellcenter (เอิร์น)', '104', '16'),
(83, 'Cellcenter (เกตุ)', '110', '16'),
(84, 'Cellcenter (อุ้ย)', '105', '16'),
(85, 'Cellcenter (เจี๊ยบ)', '106', '16'),
(86, 'CR (มิ้ว)', '120', '18'),
(87, 'เค้าเตอร์บาร์น้ำ', '121', '18'),
(88, 'CR (แพรว)', '107', '18'),
(89, 'CR (เก๋)', '108', '18'),
(90, 'CR (ต่าย)', '109', '18'),
(91, 'ธุรการ Fleet', '541', '19'),
(92, 'อะไหล่ประกันภัย', '320', '22'),
(93, 'อะไหล่ GS', '321', '22'),
(94, 'ห้องพยาบาล', '808', '23'),
(95, 'ป้อม รปภ.', '805', '24'),
(96, 'หนองเรือ ', '114', '30'),
(97, 'มัญจาคีรี ', '116', '30'),
(98, 'บ้านดอน ', '118', '30'),
(99, 'คุณวาสีกด123ตามด้วยเบอร์ภายใน', '', '30');

-- --------------------------------------------------------

--
-- Table structure for table `tbl_outstandingemployee`
--

CREATE TABLE `tbl_outstandingemployee` (
  `id` int(100) NOT NULL,
  `id_employee` text NOT NULL,
  `img_employee` varchar(255) NOT NULL,
  `title_employee` varchar(255) NOT NULL,
  `details_employee` varchar(255) NOT NULL,
  `position` varchar(255) NOT NULL,
  `services` varchar(255) NOT NULL,
  `time` timestamp NOT NULL DEFAULT current_timestamp()
) ENGINE=InnoDB DEFAULT CHARSET=utf8 COLLATE=utf8_general_ci;

--
-- Dumping data for table `tbl_outstandingemployee`
--

INSERT INTO `tbl_outstandingemployee` (`id`, `id_employee`, `img_employee`, `title_employee`, `details_employee`, `position`, `services`, `time`) VALUES
(3, '6', '1783699698.jpg', '', 'ลูกค้าชื่นชมผ่านเสียงหลังซ่อมบริการสุภาพและให้คำแนะนำลูกค้าดีมาก', '', ' เจ้าหน้าที่รับรถบริการสุภาพ', '2024-01-20 08:53:48'),
(4, '3', '1156487571.jpg', '', 'สุดยอดผู้ให้บริการยอดเยี่ยม CSI 1000 เดือนมกราคม 2567', '', 'สุดยอดผู้ให้บริการยอดเยี่ยม', '2024-01-20 08:53:48'),
(5, '2', '1272245420.jpg', '', 'สุดยอดผู้ให้บริการยอดเยี่ยม CSI 1000 เดือนมกราคม 2567	', '', 'สุดยอดผู้ให้บริการยอดเยี่ยม ', '2024-01-20 08:53:48'),
(8, '1', '679343147.jpg', '', 'สุดยอดผู้ให้บริการยอดเยี่ยม CSI 1000 เดือนมกราคม 2567	', '', 'สุดยอดผู้ให้บริการยอดเยี่ยม', '2024-01-20 08:57:06');

-- --------------------------------------------------------

--
-- Table structure for table `tbl_outstandingemployeesales`
--

CREATE TABLE `tbl_outstandingemployeesales` (
  `id` int(100) NOT NULL,
  `id_employeesales` text NOT NULL,
  `img_employeesales` varchar(255) NOT NULL,
  `sales` int(100) NOT NULL,
  `title_employeesales` varchar(255) NOT NULL,
  `details_employeesales` varchar(255) NOT NULL,
  `time` timestamp NOT NULL DEFAULT current_timestamp()
) ENGINE=InnoDB DEFAULT CHARSET=utf8 COLLATE=utf8_general_ci;

--
-- Dumping data for table `tbl_outstandingemployeesales`
--

INSERT INTO `tbl_outstandingemployeesales` (`id`, `id_employeesales`, `img_employeesales`, `sales`, `title_employeesales`, `details_employeesales`, `time`) VALUES
(1, '-', '942191448.png', 11, 'กาญจนา ดีโนนโพธิ์', 'ยอดขายประจำเดือนมกราคม 2567', '2024-01-22 03:31:11'),
(2, '-', '696362908.png', 8, 'เขมจิรา นาสิงขัน', 'ยอดขายประจำเดือนมกราคม 2567', '2024-01-22 03:31:11'),
(3, '-', '1309093263.png', 7, 'อภินันท์ ภูดินันท์ธาดา', 'ยอดขายประจำเดือนมกราคม 2567', '2024-01-22 03:31:11'),
(6, '-', '317746011.png', 7, 'ชัยฤกษ์ เพชรทอง', 'ยอดขายประจำเดือนมกราคม 2567', '2024-02-10 09:38:32');

-- --------------------------------------------------------

--
-- Table structure for table `users`
--

CREATE TABLE `users` (
  `user_id` int(11) NOT NULL,
  `firstname` varchar(250) NOT NULL,
  `lastname` varchar(250) NOT NULL,
  `username` varchar(50) CHARACTER SET utf8 COLLATE utf8_unicode_ci NOT NULL,
  `password` varchar(255) CHARACTER SET utf8 COLLATE utf8_unicode_ci NOT NULL,
  `role` varchar(255) NOT NULL,
  `time` timestamp NOT NULL DEFAULT current_timestamp()
) ENGINE=InnoDB DEFAULT CHARSET=utf8 COLLATE=utf8_general_ci;

--
-- Dumping data for table `users`
--

INSERT INTO `users` (`user_id`, `firstname`, `lastname`, `username`, `password`, `role`, `time`) VALUES
(35, 'วรรณภา', 'แก้งคำ', 'admin14225', '$2y$10$7nF0gkjZhMsMU3eSBRAVjuw7qemElBSC13DgxbKgVR/Jvsi0Ss.Hm', '17', '2024-02-19 09:38:36'),
(36, 'วรรณภา', 'แก้งคำ', 'admin142255', '$2y$10$bKEIAYayo3MQZBdWqPKcm.tBglmeveXaggtHjiE62cJYpVYe/lQ1y', '17', '2024-02-20 06:47:06'),
(37, 'วรรณภา', 'แก้งคำ', 'ga14225', '$2y$10$CMKGYRyZDvp3JT1vJFf5c.QbihoCLCQ58Dc33EioWcKHywslwB0hm', '19', '2024-02-20 06:47:31'),
(38, 'วรรณภา', 'แก้งคำ', 'it14225', '$2y$10$5AEk1hSnNw0E19PCVh1fheEwwF2nJCAs47GXGl.WxCrPTqab4Ik0q', '18', '2024-02-20 06:48:20'),
(40, 'วรรณภา', 'แก้งคำ', 'hr14225', '$2y$10$fnuVmulz5UJCQ2p9W0EcpOouSG6hiYLKsGeHcDidisHOrWQNd5jpK', '20', '2024-02-20 08:47:09'),
(43, 'Thanapat', 'Nualpad', 'facefank', '$2y$10$lryJ0Beb613c/OJX330hy.HJMO0c5pXtJXGtbVZy4nM8ZUR3txXQu', '17', '2024-07-02 07:24:57');

--
-- Indexes for dumped tables
--

--
-- Indexes for table `new`
--
ALTER TABLE `new`
  ADD PRIMARY KEY (`id_news`);

--
-- Indexes for table `permission`
--
ALTER TABLE `permission`
  ADD PRIMARY KEY (`id`);

--
-- Indexes for table `role`
--
ALTER TABLE `role`
  ADD PRIMARY KEY (`id`);

--
-- Indexes for table `tbl_data`
--
ALTER TABLE `tbl_data`
  ADD PRIMARY KEY (`id`);

--
-- Indexes for table `tbl_datatext`
--
ALTER TABLE `tbl_datatext`
  ADD PRIMARY KEY (`id_text`);

--
-- Indexes for table `tbl_department`
--
ALTER TABLE `tbl_department`
  ADD PRIMARY KEY (`id`);

--
-- Indexes for table `tbl_employeenews`
--
ALTER TABLE `tbl_employeenews`
  ADD PRIMARY KEY (`id`) USING BTREE;

--
-- Indexes for table `tbl_employeeresign`
--
ALTER TABLE `tbl_employeeresign`
  ADD PRIMARY KEY (`id`) USING BTREE;

--
-- Indexes for table `tbl_employeewelfare`
--
ALTER TABLE `tbl_employeewelfare`
  ADD PRIMARY KEY (`id`);

--
-- Indexes for table `tbl_knowledge`
--
ALTER TABLE `tbl_knowledge`
  ADD PRIMARY KEY (`id_knowledge`);

--
-- Indexes for table `tbl_numberdepartment`
--
ALTER TABLE `tbl_numberdepartment`
  ADD PRIMARY KEY (`id`);

--
-- Indexes for table `tbl_outstandingemployee`
--
ALTER TABLE `tbl_outstandingemployee`
  ADD PRIMARY KEY (`id`);

--
-- Indexes for table `tbl_outstandingemployeesales`
--
ALTER TABLE `tbl_outstandingemployeesales`
  ADD PRIMARY KEY (`id`);

--
-- Indexes for table `users`
--
ALTER TABLE `users`
  ADD PRIMARY KEY (`user_id`);

--
-- AUTO_INCREMENT for dumped tables
--

--
-- AUTO_INCREMENT for table `new`
--
ALTER TABLE `new`
  MODIFY `id_news` int(50) NOT NULL AUTO_INCREMENT, AUTO_INCREMENT=31;

--
-- AUTO_INCREMENT for table `permission`
--
ALTER TABLE `permission`
  MODIFY `id` int(36) NOT NULL AUTO_INCREMENT, AUTO_INCREMENT=206;

--
-- AUTO_INCREMENT for table `role`
--
ALTER TABLE `role`
  MODIFY `id` int(36) NOT NULL AUTO_INCREMENT, AUTO_INCREMENT=23;

--
-- AUTO_INCREMENT for table `tbl_data`
--
ALTER TABLE `tbl_data`
  MODIFY `id` int(11) NOT NULL AUTO_INCREMENT, AUTO_INCREMENT=36;

--
-- AUTO_INCREMENT for table `tbl_datatext`
--
ALTER TABLE `tbl_datatext`
  MODIFY `id_text` int(11) NOT NULL AUTO_INCREMENT, AUTO_INCREMENT=20;

--
-- AUTO_INCREMENT for table `tbl_department`
--
ALTER TABLE `tbl_department`
  MODIFY `id` int(255) NOT NULL AUTO_INCREMENT, AUTO_INCREMENT=35;

--
-- AUTO_INCREMENT for table `tbl_employeenews`
--
ALTER TABLE `tbl_employeenews`
  MODIFY `id` int(50) NOT NULL AUTO_INCREMENT, AUTO_INCREMENT=30;

--
-- AUTO_INCREMENT for table `tbl_employeeresign`
--
ALTER TABLE `tbl_employeeresign`
  MODIFY `id` int(50) NOT NULL AUTO_INCREMENT, AUTO_INCREMENT=17;

--
-- AUTO_INCREMENT for table `tbl_employeewelfare`
--
ALTER TABLE `tbl_employeewelfare`
  MODIFY `id` int(100) NOT NULL AUTO_INCREMENT, AUTO_INCREMENT=13;

--
-- AUTO_INCREMENT for table `tbl_knowledge`
--
ALTER TABLE `tbl_knowledge`
  MODIFY `id_knowledge` int(11) NOT NULL AUTO_INCREMENT, AUTO_INCREMENT=11;

--
-- AUTO_INCREMENT for table `tbl_numberdepartment`
--
ALTER TABLE `tbl_numberdepartment`
  MODIFY `id` int(255) NOT NULL AUTO_INCREMENT, AUTO_INCREMENT=101;

--
-- AUTO_INCREMENT for table `tbl_outstandingemployee`
--
ALTER TABLE `tbl_outstandingemployee`
  MODIFY `id` int(100) NOT NULL AUTO_INCREMENT, AUTO_INCREMENT=13;

--
-- AUTO_INCREMENT for table `tbl_outstandingemployeesales`
--
ALTER TABLE `tbl_outstandingemployeesales`
  MODIFY `id` int(100) NOT NULL AUTO_INCREMENT, AUTO_INCREMENT=8;

--
-- AUTO_INCREMENT for table `users`
--
ALTER TABLE `users`
  MODIFY `user_id` int(11) NOT NULL AUTO_INCREMENT, AUTO_INCREMENT=53;
COMMIT;

/*!40101 SET CHARACTER_SET_CLIENT=@OLD_CHARACTER_SET_CLIENT */;
/*!40101 SET CHARACTER_SET_RESULTS=@OLD_CHARACTER_SET_RESULTS */;
/*!40101 SET COLLATION_CONNECTION=@OLD_COLLATION_CONNECTION */;
